,index,Class_0,Class_1
0,food,31.05769736842105,14.0888
1,clothing,3.3835526315789473,2.9976000000000003
2,power,13.288157894736843,21.067199999999996
3,entertainment,25.490065789473686,9.156
4,house_items,36.62546052631579,19.0128
5,Health,33.52881578947368,21.0656
6,Transport,3.800657894736842,2.3608
7,Education,13.815855263157895,11.2368
8,Communication,33.479539473684206,25.761599999999998
9,leisure,4.24203947368421,2.9928000000000003
10,eats,15.197105263157894,12.699999999999998
