index,Class_0,Class_1
food,31.05769737,14.0888
clothing,3.383552632,2.9976
power,13.28815789,21.0672
entertainment,25.49006579,9.156
house_items,36.62546053,19.0128
Health,33.52881579,21.0656
Transport,3.800657895,2.3608
Education,13.81585526,11.2368
Communication,33.47953947,25.7616
leisure,4.242039474,2.9928
eats,15.19710526,12.7
